,KEGG,Aracyc ID,KNApSAcK-ID,CAS ID,14_R01_full_1,14_R02_full_1,14_R03_full_1,14_R04_full_1,14_R05_full_1,14_R06_full_1,14_R07_full_1,14_R08_full_1,14_R09_full_1,14_R10_full_1,14_R11_full_1,14_R12_full_1,14_R13_full_1,14_R14_full_1,14_R15_full_1,14_R16_full_1,16_R01_full_1,16_R02_full_1,16_R03_full_1,16_R04_full_1,16_R05_full_1,16_R06_full_1,16_R07_full_1,16_R08_full_1,16_R10_full_1,16_R11_full_1,16_R12_full_1,16_R13_full_1,16_R14_full_1,16_R15_full_1,16_R16_full_1,18_R01_full_1,18_R02_full_1,18_R03_full_1,18_R04_full_1,18_R05_full_1,18_R06_full_1,18_R07_full_1,18_R08_full_1,18_R09_full_1,18_R10_full_1,18_R11_full_1,18_R12_full_1,18_R13_full_1,18_R14_full_1,18_R15_full_1,18_R16_full_1,20_R01_full_1,20_R02_full_1,20_R03_full_1,20_R04_full_1,20_R05_full_1,20_R06_full_1,20_R07_full_1,20_R08_full_1,20_R09_full_1,20_R10_full_1,20_R11_full_1,20_R12_full_1,20_R13_full_1,20_R14_full_1,20_R15_full_1,20_R16_full_1,22_R01_full_1,22_R02_full_1,22_R03_full_1,22_R04_full_1,22_R05_full_1,22_R06_full_1,22_R07_full_1,22_R08_full_1,22_R10_full_1,22_R11_full_1,22_R12_full_1,22_R13_full_1,22_R14_full_1,22_R15_full_1,22_R16_full_1,24_R01_full_1,24_R02_full_1,24_R03_full_1,24_R04_full_1,24_R05_full_1,24_R06_full_1,24_R07_full_1,24_R08_full_1,24_R09_full_1,24_R10_full_1,24_R11_full_1,24_R12_full_1,24_R13_full_1,24_R14_full_1,24_R15_full_1,24_R16_full_1,26_R01_full_1,26_R02_full_1,26_R03_full_1,26_R04_full_1,26_R05_full_1,26_R06_full_1,26_R07_full_1,26_R08_full_1,26_R09_full_1,26_R10_full_1,26_R11_full_1,26_R12_full_1,26_R14_full_1,26_R15_full_1,26_R16_full_1,28_R01_full_1,28_R02_full_1,28_R03_full_1,28_R04_full_1,28_R05_full_1,28_R06_full_1,28_R07_full_1,28_R08_full_1,28_R09_full_1,28_R10_full_1,28_R11_full_1,28_R12_full_1,28_R13_full_1,28_R14_full_1,28_R15_full_1,28_R16_full_1
0,C00022,PYRUVATE,C00001200,127-17-3,162131,97139,36423,84790,112268,63405,102956,75593,93636,101696,59512,121025,105158,121251,105149,105874,160310,117759,167815,174544,157298,156142,200966,115239,93016,185240,198418,98057,138077,182295,130991,381664,266194,364953,553883,345855,360974,384068,408522,360756,462382,366021,271652,510578,319742,199406,421018,356228,421040,543182,425029,366909,473703,436466,344763,413601,404546,399520,571846,459613,513769,559602,356972,1614132,1193033,834447,1437099,1457902,1697391,1094114,1725797,1912630,1744781,1337184,1095258,1314591,1864929,1336622,1642265,1718782,1362842,1361196,2107902,1216287,1293983,1947293,1626584,1643506,1440634,1967862,1175540,1838609,1332783,1082152,1278575,1425929,1404043,749633,1308579,880789,1370080,1448998,1692398,1752670,995193,1043456,1275476,992019,1277333,2069027,1487510,1546454,1729545,1858720,157,2005937,1949408,1482817,2413072,2000047,1449655,1753968,2470749,2369962,2027287
1,C00025,,C00001358,56-86-0,867824,891329,803101,1181041,805528,2104035,1451951,547391,954451,820636,562400,950026,1377134,635335,1038810,1812264,843156,1163348,895620,1000885,879709,702875,752476,475319,576884,534113,877950,701806,996548,1067924,869286,1310739,1596143,2284330,1806512,1913269,1677816,2250866,2073051,1132498,2098275,1593223,1879647,1711629,1265169,1498205,972746,1605525,2243016,2099096,1593412,1375631,1882686,2422527,1261054,1950010,1849845,1916331,2197859,1890275,2324236,2138152,1980048,5172306,4478254,3141496,4313220,4037245,4431168,4404308,4573392,3947200,3643415,5110653,4428649,4422901,5756120,3778780,3564190,4045550,2785853,4422546,5764296,2813304,3573522,5167172,4314003,5051367,4686202,4635881,3809359,4843993,4362140,2657145,2983785,4235774,3852121,1219316,5044174,2240661,2764311,2048718,3968854,3711593,2121968,5765235,4404748,5033600,4200025,5108392,3567031,3080253,4580720,4302456,2020329,3756085,4877874,4277013,4443376,5499370,4134203,4959494,5967165,5852090,5109303
2,C00026,,C00000769,328-50-7,2246335,1590804,1424906,2194109,2294297,2244263,3349129,1691922,2285383,1540810,1372699,1675536,2223389,1943076,1586211,2888004,2211709,2031157,2456838,1740163,2032739,2082372,2601976,1879477,1373944,2525820,2065016,1602639,1983644,2130069,1921332,3954129,3828751,3689097,4556710,3742901,3538504,3872988,3866035,4269458,5197136,4047451,3251443,3837969,4124569,2465406,3656032,3564965,4061636,2905650,2450093,2306303,4709046,4165968,2648419,3890721,3776989,3118384,3899507,3624556,3558498,3307221,2959737,7096804,6037844,4472532,5954934,5328992,5812141,6008305,6087112,4642958,6682703,3859569,6023241,4195912,7279323,5536206,5321030,5654926,5377869,5356653,6756758,3622307,5102676,5391157,5668298,5235046,4869183,4573549,3891229,6453260,5613768,2274105,3930189,4009280,4619514,2188299,3870794,3852366,3879981,4184541,5416750,3704549,3112351,4803987,5416021,3839690,4697172,6490482,4032921,4178246,4456512,5553097,2342665,4548779,5195915,3532234,4356945,6163269,4318181,4876902,6952811,7847649,5662148
3,C00037,GLY,C00001361,56-40-6,17858249,13778082,13687645,15523996,15416379,18013696,20268185,11529079,12686320,11654308,10438938,16842442,14500916,13826352,12535420,18041985,14977450,17956652,12636169,12572413,18883425,13978588,13198939,11335107,7446557,11263287,14367458,8493705,12777308,19360094,10712151,15933013,23024863,16516903,20300351,19280533,13203142,14407616,16993487,15094764,19460000,15508833,14388624,19089175,16363297,12785369,14655129,14657395,13756664,11901345,13078695,8277260,14109997,13220224,9847704,12817853,10912340,11898744,16709224,13201014,12993437,13108325,9302708,24787830,28950935,20463501,29548127,17789479,38595948,22339002,17591120,20615680,19005611,13246356,16593550,11791019,34903095,20683749,15026783,13861062,12743083,20061838,17689369,10020229,11181228,13820555,10827213,11692937,12828330,12436350,9328834,17448542,15793168,8422457,14677843,20196560,14628481,6896220,13106103,11378235,11648739,8620420,13511589,10039943,7679706,17006163,16231583,15876878,13317956,21296675,14168168,9399964,10716491,10011883,6635370,11420297,11240512,9263538,13006479,11843495,8625131,11007248,13753008,21975505,18532212
4,C00042,,C00001205,110-15-6,208512,191596,175272,244046,303255,302812,465491,233175,225970,172314,143135,269509,212034,259028,167663,258809,206869,170548,136198,148245,204151,235658,208360,188408,84441,254765,189582,117840,147025,135368,105151,173285,145631,165043,215830,164049,158251,158924,178387,221113,284724,212970,104657,173580,194096,112255,181712,150568,190595,111905,104128,76362,250612,203312,156439,171517,157030,110463,191221,172902,145673,165754,99073,182356,242449,133032,146118,155589,196459,213930,187606,170290,237639,118459,181764,103726,217169,170012,104652,113855,122816,98820,171525,81610,110289,123755,106144,105170,98662,114159,84275,126261,106350,58428,116247,79886,129350,73127,113345,127390,72753,93189,134800,118918,81594,156506,120934,93254,108373,102591,89524,80785,92449,107039,38211,96410,100734,77731,113834,139079,86919,110670,148088,98629,93645
5,C00047,LYS,C00001378,56-87-1,1162668,872852,792829,1119373,1241135,1483902,1556149,862404,644557,1018880,668474,1220028,1288086,1041513,1041262,1313846,1521922,1735549,1752156,1446210,1504550,1329764,1303284,982306,921391,952233,1438537,884323,1319135,2030883,1155343,4187893,4121958,3323961,4267984,3019493,2159376,3682663,3419299,3080369,4461084,3149960,3285424,3751353,3446033,2273816,2942254,3912588,4077414,4137322,3567430,2236507,3913914,4280676,2463743,4102187,4029821,3186163,4173781,3292840,3573855,3653896,2618027,11352922,10439596,7559103,8147629,7671870,11631413,8733341,11194313,6359629,10017353,7684485,10714505,8454191,12117676,9110190,6523136,6279579,7355469,9120099,10613894,5527812,6715423,7752403,8448159,8121413,7964584,9277148,6748531,9743463,9535687,5006676,6653027,8009802,6225176,3422425,6403279,6675391,3884015,4687882,6561212,4983963,4341871,9502033,6283279,5866673,6406322,9137621,6293355,7327085,7196292,9186247,3227195,7085376,8802825,6849215,9200240,10859951,8145470,9710895,11229786,9771201,8086245
6,C00049,L-ASPARTATE,C00001342,56-84-8,6901992,3998636,4459809,5931964,3832150,18118200,6601668,3167587,4256785,6476406,4709801,5363792,8635687,4026296,5260133,9429475,4160156,8107533,4923289,5603240,7084157,3550778,4343838,2435087,3901926,2632533,4972719,5505974,5216765,10626725,6094003,7956662,20673894,20296980,13687046,17758232,13248959,17595240,15192208,9700232,19529436,12844820,12408860,14569249,8030513,13289557,8195358,13336538,17223666,16446823,18788529,13177865,11823292,20100056,13834879,14256568,15092865,13130418,16977435,16448529,16283769,15813479,15741105,22529398,44845485,42014339,35281775,30540892,71273236,63448758,27770186,37405450,27681824,52251300,50658814,52306947,51845813,29173831,13786498,19401865,17781843,47362242,45177166,21176636,22179629,41589344,33066785,46196755,46770939,40695264,26810219,36800034,28941613,19678986,10405510,45944368,15189689,9993242,48677866,15733743,28045813,16009037,26635666,35300118,19075760,48306069,35864386,46406500,23377486,26528025,29766051,19521678,35470022,20248830,19446986,17824098,29184099,33913058,27942259,32791464,30901683,38106180,42078142,28965346,29389623
7,C00065,SER,C00001393,56-45-1,3862774,26843827,13739348,31673574,41498575,21411314,41946985,31433674,26214360,21892312,20010609,33772002,26135973,30939696,19050254,27585768,37810426,5787258,27747698,30785396,9217661,41734875,37195396,34705572,19004750,35529816,42827169,23299794,25935237,380958,16482868,56496087,5278994,38114752,55007187,5856535,32914920,44489784,46333353,58069807,52046743,49281335,38458329,47566395,56544089,37919417,54702347,29651094,47098417,40433584,6611445,5464868,56112374,45023667,6083432,57821742,43086709,40140264,44856650,20408951,44234699,43804810,30282774,116669850,105719554,10987302,36062390,93480638,0,16868439,107487704,27775659,115363282,46654684,81305413,45022208,17416058,107453661,70766908,73697672,72083985,4172471,70636443,40847045,70939236,52828723,66633675,17098864,4170264,52319410,60342352,67453352,76659747,38558780,70181058,1931954,68447537,38023094,39692645,62507410,23905142,61523851,73893537,41334023,42629452,72564915,55354604,38759875,45834076,57821758,28824075,62461370,39086037,71075704,592092,55853953,70568140,35081030,54074659,84073734,64711525,75149810,71267004,68322384,59482088
8,C00078,TRP,C00001396,73-22-3,33650,26959,20740,31551,38593,27832,36634,23317,24022,36880,30106,37218,34518,32771,36224,37828,36535,39320,43871,40795,31405,32491,38779,26512,29622,28352,44572,23658,31335,41654,33044,105738,95062,104002,126118,89807,78471,95652,100856,82449,122837,92353,89382,112766,85920,54593,83338,99876,108761,103840,76785,64253,116423,104039,80828,95882,95972,87633,111848,90587,103196,99480,73518,318860,223950,203855,210120,234231,293722,235690,300767,240359,321652,196743,219765,230153,406724,258593,196534,181657,185463,228460,310609,157453,172984,230988,242945,271339,250575,312140,172334,329925,233858,181271,168673,225326,164542,86804,173968,165973,117110,162437,200655,191076,119585,200942,174071,147046,192322,315089,192679,212591,215394,297216,92429,260476,319499,204726,346563,333471,258809,302623,380084,336265,321170
9,C00085,FRUCTOSE-6P,C00007305,643-13-0,1212517,954351,1023690,1083531,1007813,1566820,1807260,1293570,1340384,838492,919139,1260320,1345963,1416412,1255878,1814023,1094147,1289974,1317544,1034269,1139059,1494992,1281250,1202068,877939,1165866,1370387,812431,1286886,1571352,963215,3047140,2690445,2362847,2976283,2335985,1874618,2443076,3363703,2378111,2336850,2343401,2388681,2236236,2296199,1663513,2469969,2112334,2635096,2503923,1741782,1557607,2732437,2225426,1808692,2844935,2036672,2127880,2788146,2205919,2828689,2515574,2071773,10521917,8388649,8142497,7410753,8253708,11167578,9732716,11768839,5638260,10709363,5805681,10380286,9057705,10479896,10718935,5841825,6056274,9917043,8202211,8341154,4802239,7277066,6380318,9582220,9339673,7557468,8457935,5693821,10444773,9330592,4442472,8244816,9747685,7955555,6791866,6763460,8426569,5847790,10840276,11881332,6341621,6992220,8524245,11017812,6840943,9488392,10108935,8645378,10982435,7635830,11252162,3527430,7434895,10764028,8580774,8271670,10792947,10410969,11494242,12630178,11147310,12266848
10,C00089,SUCROSE,C00001151,57-50-1,932090,709696,725644,735597,951922,651468,839838,778485,766589,817939,640635,901106,748209,815564,776960,731913,805816,716959,652624,735668,740502,812745,642737,733273,597490,797549,705973,437928,586090,722628,596120,870604,938080,881464,1050321,925150,861150,874219,951791,967844,955396,826274,739863,905945,899206,538520,919850,940423,948569,871486,752684,662938,1016261,911267,761309,1029793,1010098,854654,1028566,937023,1043286,956326,801475,1925282,1705071,1621840,1367663,1467098,1723569,1598409,1869591,1696125,1929769,1384436,1622872,1484426,1987449,2006691,1431567,1492120,1924702,1585354,2196397,1428923,1689490,1539345,1723563,1861857,1834575,1984018,1408888,2109725,1893715,1612647,1422764,1626552,1528257,1348293,1389180,1637163,1427738,1841129,1945104,1800520,1376590,1401541,2027208,1106329,1686641,2284133,2020525,1983412,1763352,2229863,1132506,1705460,2321284,2022874,2162714,2219362,1878083,2283734,2332364,2123530,2137570
11,C00095,,C00033848,57-48-7,148232397.6,110188747.8,126556706.9,136903512.4,166875887.1,110734745.3,146500785.5,126968561.1,117717251.4,137004412.5,118854377.1,155142483.7,134016718.2,141969563.2,128697378.8,129020020.6,135682292.2,123604725.4,111301838.7,123421835.1,124428049,140195540.9,126253215.5,107443856,78154876.43,117934491.9,109791619,74574691.66,91605529.97,120805500.9,85182360.85,72980566.88,88646086.62,77252531.08,93084832.55,77947749.25,81528081.28,75911576.73,105882778.3,95504701.94,85258693.43,75612381.65,65698037.45,103004371,76594035.92,57141115.64,97050878.22,122856879,106746405.8,88957454.28,75089518.81,60482773.12,107238134.1,100874678.1,67744289.11,112604227.3,92561979.8,82178860.83,112109882.2,88025093.58,91366098.14,76135359.32,75144104.19,93372714.02,102406499.8,71084430.72,71621296.9,70558584.55,95066955.54,80415059.8,112309403.8,76203133.07,89041877.33,72438795.66,90702428,58366381.71,81856776.68,101090267.9,65870068.4,73519054.08,97018651.59,82229725.67,137588872.5,84742666.16,89787126.76,75875219.26,82423833.56,71336865.88,79773966.17,96382620.75,71913149.19,91120630.78,94339868.55,81888370.55,83956887.35,89311826.78,92963779.58,70868785.75,78612075.8,108532004,65488858.82,71772650.11,76675093.96,113658937.9,77483573.97,97764499.79,116043071.8,49244524.38,77333940.43,101903611.3,102900163,86288572.27,86538572.3,112268057.5,45290921.89,75925502.7,79793350.46,88126145.81,93449289.88,111972928,84601103.93,93369330.52,111088780.8,94528234.18,80293056.49
12,C00099,B-ALANINE,C00001333,107-95-9,11523489,10242369,9348276,13021729,11420107,15970389,15349620,8280456,8965690,8301316,6751627,12750718,12263429,9232741,9740913,15480987,12447214,14852176,12366608,11615495,13634759,11736160,12196365,7938324,7460560,8947911,12809484,7831440,11472207,15905738,10363337,13324563,21453542,18233769,19443097,19249507,13697389,14521665,18719066,16118920,20671856,15326155,13511421,18124063,13399826,11074065,13719049,19267391,21300119,17388137,15741024,13871616,20997277,21056419,15168560,19940930,17939510,13457689,20530999,19016813,16085861,17011202,13175135,21517774,29309030,19833257,25361217,14340893,42291834,29946081,19859327,28333685,25126650,14898787,18784713,15038552,36211129,24360454,8111533,8921996,10753922,12976623,16106145,6838634,8611507,12923561,8084852,10179794,10353383,11198762,6895617,12988117,11840699,6014579,5143346,7165954,7362494,3346158,7901388,4926734,5859433,3687761,7843591,6129709,4181622,10373108,9123367,6637951,6341077,9871298,6895184,5433325,8068771,7108441,4133044,7217556,8020824,5807269,9602122,8362670,6270712,8287645,10042694,8620285,7335978
13,C00121,,C00034198,50-69-1,1306039,796971,1111023,1405492,2215459,773660,1167990,2039279,1518109,1387190,729064,2037947,865209,2072788,1126230,914797,1765639,1327942,1570608,1487892,1478033,1879563,1911325,2094789,858978,1995325,1883913,682316,1229333,1142855,746242,3070639,2713537,2464234,3758965,2449819,2123097,2300384,3686768,3647227,3476859,2899376,2213015,3618456,3232601,1152738,3701782,3439411,3465882,2760431,1989720,1323829,3667557,3616293,963024,3662748,2988848,2197290,3754935,2165881,2680224,2707536,1688182,4713830,5125763,1950086,3324275,2691560,5016562,3774519,5038218,2833840,4266129,2469240,4715160,1845187,5874789,4009153,3194795,3522822,3666404,2905220,6062823,2102352,3206308,3608315,3265326,2922010,2783303,3144323,2615849,5052509,3581783,747555,1900232,2309240,2112197,932043,1745235,2278850,1315429,2286433,2612364,1839674,1316181,3130333,2539471,1245567,1972316,4187021,2962098,3025206,2872585,3271817,876855,3814539,3170825,3131901,4484162,5244224,2616621,4553620,5713237,4327261,3059404
14,C00122,FUM,C00001183,110-17-8,330502,886183,351101,1033927,1088021,1404097,1946186,931222,1264301,638721,570400,1038142,971943,952176,680632,1247052,1026894,351560,762115,729698,387664,1070669,1215301,954444,457825,1153110,1033267,748606,846743,285784,601909,1878606,588349,1782753,2233997,1260956,1495127,1567502,1615545,1861254,2326178,1892379,1055985,1476575,1695038,1173482,1969836,1494279,2289315,1449636,478320,1057081,2086920,2362937,1448336,1915840,1715202,1821661,2135733,1638922,1731264,1886637,1348102,3251437,3736620,2056596,1338129,2547071,934208,2744178,3560251,2079802,3475499,2090702,3498068,1791842,3071493,2616084,3042952,2766461,2878183,859028,3703661,1741823,3032385,2869210,2564136,2423805,2328414,2757537,2388152,3311120,3149849,1447954,5232564,991261,5281306,2258996,2738802,4074824,1119824,2569565,3193190,3404729,2408003,5689319,3224528,2548744,3414959,4210520,3117421,3290728,3212002,3527451,1783514,3937910,3671743,3860697,3324010,5436135,3550463,4925047,4411233,4098230,3840357
15,C00134,PUTRESCINE,C00001428,110-60-1,36183,20699,18932,26986,21734,28990,24906,16710,13695,15645,15369,20353,24712,17895,24104,34533,17329,27927,22794,17641,21580,16350,27572,11947,12385,12309,18282,15025,17957,27024,19941,18887,25972,25211,18688,32140,19793,14584,17850,13293,19543,15288,18026,26024,16094,5893,10731,41885,42725,48034,36470,23404,28410,41331,8489,32810,30805,25422,35861,30189,22635,26098,29835,31559,26658,21887,27405,32429,49272,37743,38815,27917,23109,59294,44141,39738,65423,30586,19358,23429,21970,42406,43877,34607,27139,28030,29312,38910,40938,52855,31953,35742,35001,20735,17847,11991,13340,8721,33361,27739,13338,12358,19062,20144,14424,29300,18880,27776,21273,72438,30144,24411,33887,57348,6339,49943,55315,48733,53983,43923,37140,38826,52164,61375,46011
16,C00137,,C00001164,87-89-8,82590209,66749025,68472588,77567580,85627737,68336407,75135612,83790898,70383664,106603226,80324881,94122380,89851081,88140200,90170193,66317732,104304625,92567908,90795772,106311214,93298254,106020138,103507012,103690982,72014356,95603547,103380440,63819222,76910245,91993665,77963124,94417695,101718582,94221942,110625796,91944561,103402180,94339171,119794954,109290803,94123701,95809597,87486082,116804061,91476118,66200093,113559867,130500517,130473913,102838834,93545227,92594404,125864268,122991447,89028494,128060216,111371242,95642150,135470209,104768324,119480307,102554764,97407259,150674456,149085424,109896622,117946648,104596332,145305640,127707787,153176745,138023501,148067541,100671453,126046584,106045113,143702989,142443793,104266344,117786598,130885468,135922316,163308183,106257129,131585822,123495584,130997791,130626469,129492413,147336977,107276096,146142861,138347742,99098148,117226741,131680233,117281089,91508563,105918596,140216162,95429335,118847804,130948293,120752019,99932107,127061505,132273968,75279457,110357994,173574662,148193160,148497390,147084327,171732358,73988728,146298940,169312841,149256891,165509620,188706296,148347088,171394182,188876189,170290685,159933109
17,C00148,PRO,C00001388,147-85-3,3824638,224789,783470,348121,136891,384901,282629,229417,297391,365109,268218,389535,191831,293652,408564,322787,235437,3171548,407703,386169,3049121,261484,317266,244730,275952,224503,245011,166481,302224,3662531,511032,46048,4020458,141077,62343,3877668,117918,61902,61457,29956,47550,78181,61738,77337,55638,80706,8233,313413,40870,71664,4284410,836153,46459,44964,699003,62163,39749,47432,56890,395751,90779,44267,134561,11684,14663,2531113,3148313,7049,9073280,2018553,10472,134351,9879,148967,8424,20084,1825869,7342,20500,18541,5375,6884237,37581,70931,13237,49006,8352,401391,6223712,110102,28063,13150,14670,36664,27981,9536701,12727,9900,191915,39477,967173,12410,8854,97307,7893,87236,12351,143945,27592,103425,279449,19506,444790,37588,8958428,89545,40152,135860,218542,28496,31037,13157,34934,52281,37418
18,C00158,CIT,C00007619,77-92-9,37191293,22213570,22273510,27032094,46548229,24467850,43692022,30879414,27156658,27292852,19226472,39972634,26062248,39404577,20370754,21123330,40637045,34979067,24459690,23696211,34358335,48334108,23887811,46434628,18419088,52187020,31910627,18550224,27687336,34469572,20018182,34446710,51934798,47017354,54923873,54917414,35646686,51989483,63170039,62376598,58207052,52218784,26925161,53635858,53701436,16088363,54285414,49022174,56370270,41085581,38907824,29100390,66865382,56406472,43580553,67744955,51788730,46406350,66246078,54977083,53919159,49673684,39323289,107361634,114435447,76292111,76445724,84863793,124183414,94265299,107377298,88083803,93280270,64453601,106765171,53546905,117490143,103274171,42812640,36140454,61946767,54045430,74642050,34947606,46150635,52428414,47284298,38058151,42823598,47604322,33129266,59191239,54564620,35857123,42456827,54509275,65201871,50542022,42479160,47823813,28754665,34399913,47074394,48947860,30237350,98358986,73309671,26987123,65279584,61631974,33932483,42842657,38870558,63528319,16227074,43588545,52361229,45479695,45925383,68784242,38716157,62727056,73101397,39472689,39762282
19,C00160,GLYCOLLATE,C00007461,79-14-1,4236753,3607100,3703775,4703383,5906151,4547429,6262704,3819467,4062443,3288994,3149767,3957087,3912887,4268873,3839156,4770931,5664460,4617034,4725232,4276704,6168939,5997266,5352528,3849303,2523272,4608955,4199452,3141913,4015231,5338095,3178021,9375250,9578713,7333485,9379713,6536372,6594137,6892710,8067524,9458145,9879087,8150552,5004295,7436658,7803905,5027276,8554238,7085699,8576630,5958592,7187651,4106934,9370830,9497356,5444734,8122272,6726038,5271276,7351453,7371433,7049773,7268098,5822658,9033770,9998444,5839681,8181942,6189305,10435190,7483846,7999646,6774307,9714809,4167545,6728917,4351377,9268588,9172464,5368392,6367137,7892789,5855131,7440967,4000516,5522889,5790507,4655117,4294124,3688104,4603341,3503177,6626043,7014454,3119159,4048077,3797059,5748147,3310631,4406596,3076306,4277116,4376922,5548287,3803508,3444386,5322374,5810037,3491413,4731637,5083180,4679828,3848992,3151511,4241509,17,3460992,2813123,2792398,3040454,4334750,3182624,3763638,4839058,4962266,4473271
20,C00181,XYLOSE,C00007290,58-86-6,1992438,1916588,2011615,2386842,2824469,2340805,2570952,2296503,2446804,2002621,1625484,2798371,2285896,2662600,2236481,2391624,2920239,2676226,2441043,2424719,2849795,2756610,2697866,2527904,1557080,2659610,2840000,1534260,2506665,2640815,2110011,2815612,2726411,2832823,3359390,2797368,2121453,2548139,3390546,3516733,3605340,2966774,2358869,3238301,2880014,1738674,3487284,3103612,3211276,2503543,2129107,1693111,3528927,3213559,1676430,3349743,2880018,2229095,3354474,2291034,2394478,2461653,1964728,2612751,2686314,1943024,2530112,2231781,2745544,2568127,2864069,1638103,2619843,1609014,2534100,2030318,3035016,2681551,1961237,1713174,2209390,1953351,2537795,1477835,1682134,1847115,2071796,1902853,1839029,1896004,1584721,2391978,1963557,1072081,2337902,2439557,2621716,1615547,2776519,2331313,1821928,2055724,2645879,1927847,1678031,2818799,2718829,2626294,2535613,2409978,2039019,1949946,2466624,2231878,919442,2050239,2422171,2220151,2338311,2663959,1731342,2407926,2940184,2699158,2239113
21,C00208,MALTOSE,C00001140,69-79-4,343629.9592,258940.5845,285394.3002,126521.8179,107006.7609,8004.759598,92180.20401,89248.82897,175709.5896,122760.072,134298.404,485516.5476,207353.7234,54519.63483,531488.9787,399919.9801,196638.4419,155205.269,87270.33516,157716.2287,82859.36304,95615.69776,211774.4248,449125.1557,114431.8314,389855.6056,4896.473205,106606.881,88393.57756,178673.5594,140121.6189,666813.093,303034.5735,556495.0191,1313553.412,566784.2366,802406.2471,679027.043,707290.2095,976201.0351,242456.0335,495235.5766,407770.6994,839363.7468,696761.7695,686620.5115,529830.3206,356274.5362,856113.9759,504809.6278,569237.1255,314276.5796,190124.0497,415144.5927,498589.9531,428429.8538,1191284.255,631458.1217,661203.4572,674396.8717,443868.1034,733467.2035,485095.5968,2354947.957,1196119.211,2951654.469,1709939.737,1395151.247,1921741.997,2348106.739,1367802.848,1850612.283,2548904.194,1590218.381,1399079.653,1872764.077,3052776.501,1975312.15,1061771.168,967942.6468,2117528.459,1148303.221,1465580.306,494860.9851,1326839.302,1582344.123,998051.1146,1391118.7,1332401.261,1264532.945,533181.5022,2246372.311,1084395.445,1159230.431,504204.9866,1032982.331,1178402.008,698183.2676,221564.3761,1107445.288,1009139.014,960115.0753,866326.7431,849440.6455,631526.8765,647902.3387,746726.773,239842.4668,1296209.435,1719938.874,861256.8104,1188042.008,862576.3822,1335352.209,214017.0896,1334480.342,1450692.968,685963.0441,1331605.6,1171595.646,503552.0323,981705.6017,2365008.793,1078287.403,661791.6416
22,C00249,PALMITATE,C00001233,57-10-3,197048,117822,105729,142208,156174,134531,142568,145685,132085,57154,41752,122322,154053,212709,66031,164166,166919,120394,95819,100272,123851,126445,104480,135923,61808,109987,116776,131858,111202,111594,80240,167688,151804,161828,170919,137903,91628,112459,189524,172497,182847,132918,116053,173183,182812,73660,172386,139398,135125,132152,156104,46354,162954,139809,33942,144170,128099,145074,126426,87793,100901,109522,71663,288064,236995,251409,337602,305382,297427,358840,260540,96661,288295,206610,295638,288177,314770,308338,249788,247408,276397,244351,236524,184555,177314,184739,306491,234218,171357,311632,206216,232511,232113,138215,257095,333978,208873,203681,227047,279302,192015,245421,268535,115087,208211,249500,250499,212329,236597,237598,276410,244372,210197,239871,142212,202873,258274,210664,217944,286847,258649,251149,271407,250986,253946
23,C00253,,C00000208,59-67-6,1475053,2600666,2107372,2940715,4100635,2477548,3373481,3439398,2983738,2806612,2140508,3614022,2835461,3554529,2640318,2921470,4498260,2268694,3620952,3573609,2347367,4656103,3724951,3380463,2155746,3951669,4354609,2152678,3603326,1802086,2474623,8008025,3617501,6863826,9131510,4448223,5508896,5890918,7322202,8036666,8076151,6818863,5631564,8239700,7571809,4249115,7584017,12815068,14877179,13474460,9153477,8467397,15959834,13934624,8198926,15915492,13899747,11775418,15804599,11621450,13014233,14362234,10448299,17663627,15751457,10778901,13010798,13871028,9946443,13546141,17229858,13890786,19027528,10798448,14030908,11978272,15020704,15824300,14478774,14294438,14634873,7803833,16172036,8342400,12371395,12717684,13292661,12809085,9217801,12858431,9775354,16674292,11659188,7026193,10613450,5256815,12394943,6682756,8587435,9178685,9891461,11913557,14751283,10964116,9047216,10561091,11005600,9245226,11239538,14245785,9859999,11359278,11410410,13253760,3126846,13074939,15179974,9793258,13612412,13035008,11245805,12886296,16542810,15736113,13572368
24,C00258,,C00001185,473-81-4,3905426,4562870,3063685,5062229,5864529,6898884,9906411,4985098,5741795,4213452,3695433,5219737,5944298,4972264,3983907,5582466,5368733,4565782,4949957,4404480,3913314,6608408,5698398,4689033,3118250,6395224,4970784,4248266,4279730,2037726,3933939,9222374,3117237,7852313,10044084,5569612,7014420,7625510,8939294,8247523,8152182,7703980,5419410,7911142,6813667,5206492,8935150,12971402,13118691,9946329,10278136,6426248,13981750,12197868,6290916,13370802,9000797,10631232,12187854,9581054,10295115,7583454,9007494,18367095,20143635,12545330,10162882,9734041,3260289,11911316,20454178,9547522,13884342,11840124,16005454,10132028,13433798,14702668,9747914,10783793,11824324,7537651,15143364,10444798,12276050,9322711,9283798,9146502,9936865,12858482,13248521,12750095,14933156,5432085,9857778,3091481,9424374,5596134,7857701,10228543,3621884,8258907,8908569,7070806,5735724,9743063,12827519,6820054,8528500,12543674,10622110,10814481,11302292,13042374,5384772,11907256,15964606,9394221,11714001,17492065,8974339,12020684,14468859,12016508,10713705
25,C00267,GLC,C00001122,492-62-6,7284748.322,5944464.334,6320744.267,6537335.749,8053029.485,5967710.058,7230133.341,6750396.787,5999171.807,6472563.478,5706409.973,7349309.392,6709063.18,7376715.075,6387118.926,6264053.235,6493787.717,6001501.865,5496112.157,6323090.546,6477682.515,7230542.29,6272769.069,6384200.126,4449255.527,6259170.884,5899404.931,4805651.086,5141045.311,6388367.027,4922780.648,4369850.128,5191906.958,4834650.705,5656665.395,4613637.361,4564817.606,4522012.687,5578827.918,5343137.735,5104127.909,4453464.652,3816700.738,5616595.33,4702436.599,3932413.715,5321722.131,6627211.097,5738642.759,5175630.606,4705817.374,3829086.319,5921063.642,5686764.787,3953251.675,6025859.373,5421731.262,4938895.204,6283889.911,4841709.929,5470704.069,5003056.682,4356101.201,6104391.082,6250917.566,4861812.552,5149132.091,5040881.523,6169291.886,5807148.951,6386321.663,5320964.73,5828155.117,5261882.963,5405276.796,4695128.884,6185493.629,6098294.663,4820749.239,5022095.508,5749369.357,5257555.885,7305590.131,5463937.233,5586158.386,5484625.32,5444787.947,5278040.67,5389806.898,6014529.36,5589099.705,6138222.565,5807054.568,4990125.83,5059353.94,5479403.612,5431276.37,4217445.561,4734864.649,5573838.875,4617476.98,4645723.292,5183056.975,5769312.321,4260546.442,5484872.164,5985618.44,3908922.734,5133701.359,6368440.953,5838122.987,5573096.127,5736405.578,6119705.767,3574703.269,5588697.162,6042872.491,5878572.285,6532511.03,6914630.559,5278540.313,6293089.054,6806696.508,6405159.998,5727960.946
26,C00315,SPERMIDINE,C00001431,124-20-9,1387645,801907,255780,444857,545448,357034,1414301,885461,199113,1090302,913833,958010,793669,521895,1277612,951177,193684,141480,665489,301944,641254,62228,978392,914244,265565,106001,242522,707949,116856,414582,287352,177974,200617,305656,201496,486452,921952,452253,608562,181795,404789,259284,312405,570945,392306,272660,258930,275951,553905,608928,367459,462309,192903,890946,181736,167926,389845,284372,315464,551953,448660,545789,283108,589405,1036909,406331,484712,663224,645195,1305430,942432,141928,1145384,704049,1376516,754725,2754399,857636,403891,702628,388675,424800,1563230,476810,416803,868110,786546,1156734,855793,445163,719682,1641197,712226,118500,505380,538386,662881,393288,537994,589486,288312,517391,1066359,551470,347853,892640,1124619,635547,816434,1211154,1007291,509524,544176,824055,274539,795915,506594,840950,838356,976440,895850,1252357,1096945,927233,635386
27,C00334,4-AMINO-BUTYRATE,C00001337,56-12-2,24580154,29700857,20906867,29055846,23940483,44115736,38226221,18062007,24389284,25568423,17261840,32488360,32245599,25235465,24229264,36091700,25514881,30116124,19173879,25577622,22510895,21728930,24389188,18623777,14585392,15519089,23244504,17409492,22825577,32107820,19657374,36577073,55423081,43831756,52559367,52485055,32760826,34613853,49052096,29270931,54009369,47057882,37537889,59091770,43721296,46850534,36705803,53076066,44609393,47883731,40379893,30291720,43919012,51718001,36527938,41945313,39291693,38077017,63913517,49065633,48377067,52551733,26239852,75401016,101639086,79000257,71512244,84120752,104431204,97384183,81885933,75309177,71897609,85773122,82786654,72709487,114860226,71441331,70821704,72281449,58412046,93150702,107515342,57556382,64308882,86891740,80391607,86657086,72854636,75040056,59850270,85796550,75697431,49717670,72523533,94541162,77333913,50211244,93054843,66023731,59983010,50898703,94193510,88164429,52835599,98453138,71879073,101268654,78433489,101109629,88590200,65258639,78509091,68064455,49279077,81060345,95011824,92207731,98343156,94606122,74653981,90433947,105883085,95115373,96169150
28,C00407,,C00001374,73-32-5,1491556,212112,419423,297676,111623,499748,228164,261867,330755,304145,254405,364139,234823,253594,472117,294066,263351,1925776,508962,415155,1863357,317080,327876,292322,295403,259478,319208,173144,464892,3051866,444812,67076,3923900,240981,122224,4565605,203883,149620,140925,39140,107964,217787,141999,177097,100166,219086,5071,554830,61783,156660,4829845,880403,58674,94807,864599,110584,74711,106467,115344,631741,156613,104112,244212,605,21696,3794168,5235189,2398,10002026,3798153,1690,309365,405,209810,22666,48547,4293040,2008,5396,2427,3473,7653574,39261,128106,5768,111223,5775,985117,5340416,169311,33597,7881,5157,72381,108309,4439133,18025,28169,319069,194037,586153,17089,3813,109514,8150,248687,12223,228079,75378,130364,379842,17321,413967,33241,4042408,175775,38944,218028,418744,50380,34188,1512,85710,63784,49170
29,C00429,,,504-07-4,8122031,8964501,8877679,9509336,9832080,8018079,9974641,11617677,10576537,9235984,9124354,10008725,8098253,10802918,8787495,9006883,9542812,10528017,8101223,8605477,10856942,11335459,8614628,10205165,10171198,9020203,8715755,8888508,12050349,11566685,9477205,7547015,9492881,7314371,6316401,8180194,7407146,6505966,6728917,7759063,7880577,6223882,6610647,6608344,8164342,6550717,8463394,6598192,7176812,6275452,8167061,6563235,6984556,8115589,7987255,8386673,6861146,6529785,7093155,7191657,6484296,7002016,6910575,2992365,3251483,3317619,3298032,2764128,3988302,3041570,2732954,1194079,3107838,1207250,4275184,3306562,2144705,4285886,1276239,1528906,3933358,2772379,1443957,1428357,2074640,937136,2502824,1385621,1184916,1537239,1178537,1518529,2377679,1213878,1457514,3000170,1512932,3903571,1222178,1900088,1694973,2587560,3042820,1082333,3495918,2017648,5127865,1638124,2390823,3464461,2767637,3096401,1689710,2345979,1528168,1502339,2323534,3025681,1282413,2691365,2894024,3443629,3005269,1950789,2733123
30,C00492,CPD-1099,C00001145,512-69-6,268106,174297,193910,154023,359114,191066,174813,511618,265969,88408,153080,489202,105017,379232,361491,186630,683945,156255,187570,73266,547412,465736,190979,417053,254159,412085,68309,177711,481021,745594,238147,345673,596690,549989,710013,416754,348877,82071,347714,499353,305486,570282,480575,543886,202148,355905,217087,107529,521881,1092729,382489,65290,468341,437839,51506,592008,244061,257340,167921,180452,487151,323623,595673,3024533,2293669,2172535,2037747,1866565,2115691,2972136,3345695,1200739,4410164,3133740,2239606,3632922,3447699,2580947,2350284,2932859,4651069,2517719,5800134,2772381,5247797,3671354,2581457,2918000,3257467,5222933,3129678,3317945,4628359,1796582,2859434,3267606,1765219,2817681,3233011,2881856,3245655,4707922,3888313,1947380,3738402,2399466,2685944,1291795,2274002,7276646,5655248,5775859,4947435,7226255,1957463,8133981,6651875,5887886,8606104,7340000,6546013,6170911,5165233,6731406,6484043
31,C00493,SHIKIMATE,C00001203,138-59-0,1347825,1245912,1134764,1364403,1668688,1471712,1798001,1357602,1435754,1159068,925160,1473579,1420135,1459281,1175049,1394986,1361110,1227657,1037762,1197481,1372684,1375840,1184349,1123426,672581,1169888,1291307,772186,1109186,1411380,844376,1584460,1739646,1547080,1909802,1423633,1258515,1405187,1779903,1683425,1955944,1557698,1203920,1520530,1557527,874590,1731370,1606637,1811465,1422010,1432180,891880,2008412,1783428,1015471,1777967,1441333,1306533,1777501,1394841,1539405,1553622,1091521,3723179,3825149,2394385,2897082,2704877,3942793,3173555,4140765,2251905,3757474,2486201,3633752,2470717,3498168,3247391,2356503,2331559,3112367,2748365,4000456,1953704,2397622,2536351,2596836,2310096,2224152,2859290,2111218,3160197,2953751,1525432,2568219,2844080,2713362,1923064,2379875,3000271,1994370,2304265,2700217,2316902,1798494,3252457,2957069,1961061,2562027,3023555,2466104,2454842,2299389,3002554,1151476,2283736,3061368,2297059,2461687,3997629,2579952,3334383,3970172,3129866,2793239
32,C01083,TREHALOSE,C00001152,99-20-7,299708,221942,260405,275181,335025,177882,313103,206111,208942,210904,234578,323776,217907,326982,377109,163994,200672,204322,144605,158324,118128,243324,142719,197974,109930,256790,134376,158351,162341,124251,158071,239371,266929,311505,452476,262764,206891,277104,442729,397550,389153,282389,191987,396409,360112,169387,173716,239045,315042,216592,264335,183989,490399,271920,226606,281464,207169,272335,345279,242757,325018,296975,221972,1055587,785547,1013959,340598,403237,814508,514215,835005,878883,918816,401202,577833,360537,948589,818323,522983,328007,794011,547528,1249030,2471,550494,646019,321965,639525,786920,1180475,342011,1044256,678156,607919,161773,412436,379450,289071,142704,249489,233168,377462,456990,533117,202691,243479,396386,110362,375227,872289,359063,403481,375805,815776,204375,509340,742348,505485,758003,810081,388571,760709,918928,622969,814229
33,C01595,LINOLEIC_ACID,C00001224,60-33-3,1677030,1704253,1352792,1502950,2082943,1605102,1893175,1534791,1818385,959884,613238,1527308,1327937,1886612,881030,1667773,1276730,1358132,1435570,1195964,1497714,1366763,1324012,1220454,814282,1090806,1400064,1577407,1275815,1387410,1186322,2071015,1877006,2010909,2524489,1619007,1198339,1547876,2125075,2596602,2603705,1931120,1406460,2214500,2169502,1110426,2575092,1550319,1891927,1693494,2307647,703265,2228396,1861366,397471,1916133,1584549,1682636,1475032,1237231,1805290,1750133,1229810,4472945,3668743,3483243,3416175,4129389,3698831,4174280,4045911,847224,4779579,3640050,4534888,4484362,5450546,4441663,3881388,4189496,4683107,4373055,4454311,3012364,2173536,3053913,4304483,3241359,2739069,3978316,4184677,3910370,3313542,2949380,3032011,14079825,3542421,2875952,3679629,4459012,3329633,3691510,4202405,2264149,2143971,3518471,3592271,3316757,3544595,3574957,4498312,4256580,3069740,3672989,2282339,3341340,3974078,2963973,3720134,5429012,4523022,3904314,4691156,4238116,4545957
34,C01753,CPD-4143,C00003672,83-46-5,3463723,2710363,2468511,2868740,3275435,2819123,3218976,2765192,2880602,3618548,3193453,3309280,3455541,3190858,3441181,2861766,3272776,3196176,3301429,3559543,2995198,3561909,3141953,2692198,3035793,3073914,3130972,2544440,2935995,3428489,2685431,7124827,6732133,6741998,8760306,5900243,6071581,6056685,6765945,6487541,7028109,6467820,5382099,6455227,5673112,4502452,6763633,6402602,6268833,6393261,5838717,5344862,7423371,6519612,5614634,7291452,6105627,5668207,6957492,6527732,7114834,7340231,5529821,18510618,12280867,14301312,12536958,16576192,18670496,15809747,17436092,17203525,21238638,12664189,13777063,14572328,18650988,18287720,10513039,11715804,15603168,12518025,17690024,10948181,13213506,13512012,12842404,13925537,16089325,16568730,9257473,17561424,14497130,17688199,9502132,11070414,12873015,11727448,8687085,10541793,9120084,12719197,14522709,16999254,9434512,12539153,11357481,7323815,15928331,13013581,10013507,12657218,9538732,13905966,4615071,10569535,13958216,9196043,15473908,13495012,11461611,13569994,17275330,12731194,14255050
35,C01789,CPD-707,C00003647,474-62-4,424909,333666,202484,323842,352478,252634,370598,235763,328888,262224,320494,367255,344859,353514,421295,370306,256323,324599,226625,225453,351778,367710,368577,317718,397359,361794,439425,326207,270414,403447,287672,1044897,1023735,1022450,1202063,799812,852887,936326,944928,873796,848466,993496,890720,1106490,895438,516017,988484,1180813,837485,987243,840951,1025632,1006966,854201,665226,992415,791191,922388,1054248,885447,1233410,869914,807790,3234933,1797935,2549809,2268354,3032757,2943748,2568837,2983382,2536995,3349683,2476864,2381309,2563957,3297087,2677122,1935474,1798868,2412363,2274717,3365957,2087503,2425525,2508573,2424057,2551648,3240026,3387633,1749168,3230754,2585826,3043908,2218547,2653026,1973508,1880920,1812914,2689266,1909482,2765073,2406130,3213217,1847861,1939330,1910151,1528453,3170286,3048718,2263116,2878002,2221992,3367111,1131465,2673413,3508955,2051227,3798545,3123403,2885962,2725792,3718647,3033895,3375863
36,C02938,,C00000107,771-51-7,2056696,1914140,2122906,2172393,2406177,2344831,2701328,2069185,2323224,1745505,1256446,2533014,2562202,2483602,1829838,2450611,2783158,2824173,2459284,2749597,2548729,2896460,2483536,2047940,1829005,2904671,2904996,1872993,2410402,2676568,1726406,4717698,4544474,4370662,5463145,4010682,3415840,4135975,4596745,4989861,5187274,4296637,3494643,4332923,4647957,2629262,4883820,4942249,5418324,5053044,4097928,2849718,6513678,5741597,3053228,6076132,5390100,5188275,6020432,4599802,5131616,5302090,3952400,17083502,12030411,7795405,10933615,11570767,15290032,12222256,15465986,9113017,18293729,8258377,11812584,9491282,15432455,13343480,7664334,7455077,9213773,8178421,12772895,6385742,9070961,8568318,8333810,8497801,7303906,9949975,6449106,12358722,9475427,6618578,6876915,7649548,8009968,5733009,6994746,8069125,5605141,7054202,8900506,7922783,5106700,10013551,6822078,4993503,9370303,10867731,5928116,7379311,6744167,11465749,1739083,8306630,11233153,6116053,9111290,11909567,8601155,9936513,11932151,11918922,9999822
37,C05422,L-DEHYDRO-ASCORBATE,C00007380,490-83-5,3605903,2525342,2857574,3002540,3591870,4168887,3536999,3557684,4249061,3044983,2847722,3464307,2873617,3093611,2703771,3386353,3574741,2582977,3289902,3643977,4022334,3791226,3188276,3309228,2243428,3771236,4122049,1869877,2790558,4027909,1913829,8095808,8882477,5194154,10563829,7315809,7503084,6622634,8240151,8652946,7704364,7116490,4869383,6446322,6914937,3918546,8313588,8980394,12342311,10318097,10509930,7098497,13082646,10789406,6854209,12423043,11387637,9438272,11485968,8472184,11084992,9723484,8161861,28283602,24096323,15103910,19304016,17838127,31695820,22761775,29499502,19615732,30907184,19553132,20908841,18285407,25996211,24691993,32022942,24799449,31929719,26098836,41818011,23705917,29406134,26952467,26575346,23266345,29954164,29897968,25189796,33892667,34168736,20217700,17502779,20417273,17717131,11237641,15546582,16800799,13747199,17925789,17832964,18729523,13132150,18344035,17280594,12126858,18586460,31703001,31481576,33696466,29177999,33665126,15135587,28739909,31214716,28032466,42225189,52641213,32708922,41312239,45870707,42739666,39504351
